{
  "1": {
    "@5": 0.6,
    "@10": 0.7,
    "@20": 0.55,
    "@30": 0.36666666666666664,
    "@50": 0.22
  },
  "25": {
    "@5": 0.8,
    "@10": 0.8,
    "@20": 0.45,
    "@30": 0.36666666666666664,
    "@50": 0.24
  },
  "50": {
    "@5": 0.8,
    "@10": 0.7,
    "@20": 0.55,
    "@30": 0.36666666666666664,
    "@50": 0.22
  },
  "75": {
    "@5": 0.8,
    "@10": 0.6,
    "@20": 0.55,
    "@30": 0.36666666666666664,
    "@50": 0.22
  }
}