{
  "Accuracy": 0.6912751677852349,
  "Macro_P": 0.7125090777051561,
  "Macro_R": 0.7643405600722675,
  "Macro_F1": 0.6807935916542474,
  "Micro_P": 0.6912751677852349,
  "Micro_R": 0.6912751677852349,
  "Micro_F1": 0.6912751677852349,
  "ERDE5": 0.2860443554898514,
  "ERDE30": 0.020134246246731168,
  "ERDE50": 0.1518400072068826,
  "latencyTP": 3.0,
  "speed": 0.9821019115346772,
  "latency-weightedF1": 0.7254161846562956
}