{
  "RMSE:": 0.24366801978689823,
  "Pearson_coefficient": 0.7784207435974818
}