{
  "Accuracy": 0.6711409395973155,
  "Macro_P": 0.6951706608569354,
  "Macro_R": 0.7642576204523107,
  "Macro_F1": 0.6552391745761912,
  "Micro_P": 0.6711409395973155,
  "Micro_R": 0.6711409395973155,
  "Micro_F1": 0.6711409395973155,
  "ERDE5": 0.28391526344776125,
  "ERDE30": 0.013428984369769276,
  "ERDE50": 0.15738029818477917,
  "latencyTP": 3.0,
  "speed": 0.9821019115346772,
  "latency-weightedF1": 0.7162290183567811
}