{
  "1": {
    "@5": 0.4,
    "@10": 0.2,
    "@20": 0.2375,
    "@30": 0.19166666666666665,
    "@50": 0.215
  },
  "25": {
    "@5": 0.15000000000000002,
    "@10": 0.07500000000000001,
    "@20": 0.1125,
    "@30": 0.16666666666666666,
    "@50": 0.145
  },
  "50": {
    "@5": 0.45,
    "@10": 0.225,
    "@20": 0.2375,
    "@30": 0.175,
    "@50": 0.22499999999999998
  },
  "75": {
    "@5": 0.45,
    "@10": 0.225,
    "@20": 0.2375,
    "@30": 0.175,
    "@50": 0.22499999999999998
  }
}