{
  "1": {
    "@5": 0.4,
    "@10": 0.5,
    "@20": 0.35,
    "@30": 0.26666666666666666,
    "@50": 0.2
  },
  "25": {
    "@5": 0.2,
    "@10": 0.2,
    "@20": 0.1,
    "@30": 0.1,
    "@50": 0.06
  },
  "50": {
    "@5": 0.4,
    "@10": 0.5,
    "@20": 0.35,
    "@30": 0.23333333333333334,
    "@50": 0.18
  },
  "75": {
    "@5": 0.4,
    "@10": 0.5,
    "@20": 0.35,
    "@30": 0.23333333333333334,
    "@50": 0.18
  }
}