{
  "RMSE:": 0.3035240445789821,
  "Pearson_coefficient": 0.6696109943365255
}