{
  "Accuracy": 0.5167785234899329,
  "Macro_P": 0.4461681103146157,
  "Macro_R": 0.4351636377068558,
  "Macro_F1": 0.3950659674177329,
  "Micro_P": 0.5167785234899329,
  "Micro_R": 0.5167785234899329,
  "Micro_F1": 0.5167785234899329,
  "ERDE5": 0.28505845519588086,
  "ERDE30": 0.1585296555107089,
  "ERDE50": 0.15852348993289864,
  "latencyTP": 3.0,
  "speed": 0.9821019115346772,
  "latency-weightedF1": 0.7122936940800955
}