{
  "RMSE:": 0.21180420235261666,
  "Pearson_mean": 0.4368965175018402,
  "Pearson_sf": 0.6435530116506897,
  "Pearson_sa": 0.4582195137622209,
  "Pearson_so": -0.024617547166269106,
  "Pearson_c": 0.6704310917607195
}