{
  "Accuracy": 0.5570469798657718,
  "Macro_P": 0.4290839058144166,
  "Macro_R": 0.3947813245080246,
  "Macro_F1": 0.3937941285767373,
  "Micro_P": 0.5570469798657718,
  "Micro_R": 0.5570469798657718,
  "Micro_F1": 0.5570469798657718,
  "ERDE5": 0.29662600903446307,
  "ERDE30": 0.17208053757913297,
  "ERDE50": 0.1720805369127517,
  "latencyTP": 3.0,
  "speed": 0.9821019115346772,
  "latency-weightedF1": 0.7076013772547987
}