{
  "RMSE:": 0.18095637595840602,
  "Pearson_mean": 0.45985041703969376,
  "Pearson_sf": 0.748246770979779,
  "Pearson_sa": 0.46693382259366334,
  "Pearson_so": -0.1257702142024519,
  "Pearson_c": 0.7499912887877846
}