{
  "Accuracy": 0.7046979865771812,
  "Macro_P": 0.7165940450254176,
  "Macro_R": 0.7274980930587338,
  "Macro_F1": 0.7030797101449275,
  "Micro_P": 0.7046979865771812,
  "Micro_R": 0.7046979865771812,
  "Micro_F1": 0.7046979865771812,
  "ERDE5": 0.2957990192592277,
  "ERDE30": 0.06711409462611281,
  "ERDE50": 0.17125354713751634,
  "latencyTP": 3.0,
  "speed": 0.9821019115346772,
  "latency-weightedF1": 0.712023885862641
}