{
  "1": {
    "@5": 0.75,
    "@10": 0.375,
    "@20": 0.325,
    "@30": 0.275,
    "@50": 0.235
  },
  "25": {
    "@5": 0.6,
    "@10": 0.3,
    "@20": 0.29999999999999993,
    "@30": 0.2916666666666667,
    "@50": 0.27999999999999997
  },
  "50": {
    "@5": 0.7999999999999999,
    "@10": 0.39999999999999997,
    "@20": 0.325,
    "@30": 0.2916666666666667,
    "@50": 0.28500000000000003
  },
  "75": {
    "@5": 0.7999999999999999,
    "@10": 0.39999999999999997,
    "@20": 0.325,
    "@30": 0.2916666666666667,
    "@50": 0.275
  }
}