{
  "RMSE:": 0.2515268808936344,
  "Pearson_coefficient": 0.7500803948892626
}