{
  "1": {
    "@5": 0.8,
    "@10": 0.5,
    "@20": 0.55,
    "@30": 0.36666666666666664,
    "@50": 0.26
  },
  "25": {
    "@5": 0.6,
    "@10": 0.7,
    "@20": 0.35,
    "@30": 0.23333333333333334,
    "@50": 0.16
  },
  "50": {
    "@5": 0.2,
    "@10": 0.5,
    "@20": 0.55,
    "@30": 0.36666666666666664,
    "@50": 0.26
  },
  "75": {
    "@5": 0.4,
    "@10": 0.6,
    "@20": 0.55,
    "@30": 0.36666666666666664,
    "@50": 0.26
  }
}