{
  "Accuracy": 0.5302013422818792,
  "Macro_P": 0.4366506123058542,
  "Macro_R": 0.41759500189732746,
  "Macro_F1": 0.39195194206714945,
  "Micro_P": 0.5302013422818792,
  "Micro_R": 0.5302013422818792,
  "Micro_F1": 0.5302013422818792,
  "ERDE5": 0.28381917470174994,
  "ERDE30": 0.15651089574110894,
  "ERDE50": 0.1565100671140957,
  "latencyTP": 3.0,
  "speed": 0.9821019115346772,
  "latency-weightedF1": 0.7183373981510782
}