{
  "1": {
    "@5": 0.55,
    "@10": 0.275,
    "@20": 0.25,
    "@30": 0.20833333333333331,
    "@50": 0.2
  },
  "25": {
    "@5": 0.55,
    "@10": 0.275,
    "@20": 0.275,
    "@30": 0.25,
    "@50": 0.24
  },
  "50": {
    "@5": 0.49999999999999994,
    "@10": 0.24999999999999997,
    "@20": 0.275,
    "@30": 0.24166666666666667,
    "@50": 0.23
  },
  "75": {
    "@5": 0.49999999999999994,
    "@10": 0.24999999999999997,
    "@20": 0.275,
    "@30": 0.225,
    "@50": 0.23
  }
}