{
  "RMSE:": 0.2407803309766703,
  "Pearson_coefficient": 0.7746648207201776
}