{
  "Accuracy": 0.6912751677852349,
  "Macro_P": 0.7113289760348583,
  "Macro_R": 0.7553751645458534,
  "Macro_F1": 0.682332220986281,
  "Micro_P": 0.6912751677852349,
  "Micro_R": 0.6912751677852349,
  "Micro_F1": 0.6912751677852349,
  "ERDE5": 0.2827975990970474,
  "ERDE30": 0.026846466210907586,
  "ERDE50": 0.15548849150939317,
  "latencyTP": 3.0,
  "speed": 0.9821019115346772,
  "latency-weightedF1": 0.7224657740025211
}