{
  "RMSE:": 0.17865016808534367,
  "Pearson_mean": 0.5988820467045813,
  "Pearson_sf": 0.7472435224903471,
  "Pearson_sa": 0.4992946899714973,
  "Pearson_so": 0.37469662952285493,
  "Pearson_c": 0.7742933448336263
}