{
  "RMSE:": 0.30704988814014694,
  "Pearson_coefficient": 0.6890659222468523
}