{
  "Accuracy": 0.6375838926174496,
  "Macro_P": 0.6631263616557734,
  "Macro_R": 0.734717868338558,
  "Macro_F1": 0.6164187643020594,
  "Micro_P": 0.6375838926174496,
  "Micro_R": 0.6375838926174496,
  "Micro_F1": 0.6375838926174496,
  "ERDE5": 0.2080138011305289,
  "ERDE30": 0.020150822974751327,
  "ERDE50": 0.17634340795463094,
  "latencyTP": 2.0,
  "speed": 0.9910502389648017,
  "latency-weightedF1": 0.7001985383990446
}